variant,system,band,energy_h0,scc,third,monopole_dipole,dipole_dipole,monopole_quadrupole,dipole_quadrupole,quadrupole_quadrupole,multipole,electronic_total,repulsive,dispersion,total
baseline,ImH_monomer,-11.6761333521,-11.7528659498,0.0224903777,-0.0010431815,-0.0056196779,0.0077201543,0.0011646655,-0.0018472594,0.0108860515,0.012303934,-11.7191148195,0.3376637658,-0.0039147916,-11.3853658454
baseline,Wat_monomer,-3.7497584656,-4.1009482312,0.021896708,-0.0034939723,0.0020584531,0.0002398798,0.0042373431,0.0,0.0086714009,0.0152070769,-4.0673384187,0.0780989091,-0.0002210639,-3.9894605736
baseline,IMZW1_1_WAT1_full,-15.436798699,-15.84745237,0.0467071316,-0.0061288746,-0.0040227077,0.0076471394,0.0043930913,-0.0021460683,0.0175901653,0.02346162,-15.783412493,0.4031791214,-0.005307627,-15.3855409986
baseline,IMZW2_1_WAT1_full,-15.620747353,-15.8442645442,0.0443737187,-0.0048336258,-0.0034094482,0.008182901,0.0052521235,-0.0021092237,0.0188705696,0.0267869222,-15.777937529,0.4030973652,-0.0058519751,-15.380692139
baseline,IMZW2_1_WAT2_full,-15.4347180326,-15.8463245755,0.0458526382,-0.0058663341,-0.0045468177,0.0077542041,0.0046157661,-0.0020355001,0.0183227573,0.0241104098,-15.7822278616,0.4026495596,-0.005441746,-15.3850200481
baseline,IMZW3_1_WAT1_full,-15.4221718437,-15.8457019589,0.0467588954,-0.0061392,-0.0042917104,0.0076337177,0.0043563325,-0.0020258649,0.017745478,0.0234179528,-15.7816643107,0.4019111851,-0.0053769837,-15.3851301093
baseline,IMZW3_1_WAT2_full,-15.214476419,-15.8424407121,0.0455908042,-0.0047163121,-0.0038674219,0.0080027208,0.004669652,-0.002019566,0.0194115798,0.0261969648,-15.7753692552,0.4028927668,-0.0049026716,-15.37737916
baseline,IMZW3_1_WAT3_full,-15.5552942208,-15.8446886484,0.0445896752,-0.0049439807,-0.003790377,0.0080965502,0.0058042239,-0.0019194313,0.0189526417,0.0271436075,-15.7778993464,0.4036116023,-0.0057398535,-15.3800275975
baseline,IMZW4_1_WAT1_full,-15.6675606338,-15.8374791518,0.0446733109,-0.0044210205,-0.0024498005,0.0082612346,0.0044416125,-0.0022117625,0.0194381293,0.0274794135,-15.7697474479,0.398653559,-0.0058722317,-15.3769661206
baseline,IMZW4_1_WAT2_full,-15.4056723906,-15.8393155261,0.0443921254,-0.0045802903,-0.0033782713,0.0081103303,0.0043757784,-0.0016826467,0.018849119,0.0262743098,-15.7732293813,0.3999143474,-0.0051433094,-15.3784583433
baseline,IMZW4_1_WAT3_full,-15.4391424287,-15.8395403745,0.0421290886,-0.0043120929,-0.0049769984,0.007989444,0.0042445202,-0.0018209363,0.0184629865,0.023899016,-15.7778243629,0.3997213796,-0.0052184128,-15.3833213961
baseline,IMZW4_1_WAT4_full,-15.4219480289,-15.8385315385,0.0450747016,-0.0043134181,-0.0035166105,0.0080333351,0.0063900808,-0.0016443571,0.0194633703,0.0287258185,-15.7690444365,0.4002141064,-0.0050957308,-15.373926061
baseline,IMZW5_1_WAT1_full,-15.5199682101,-15.8354177047,0.0425366301,-0.0036887016,-0.0044326093,0.0080952469,0.0028383835,-0.0021714926,0.0182775109,0.0226070394,-15.7739627368,0.3969650452,-0.0053067239,-15.3823044155
baseline,IMZW5_1_WAT2_full,-15.6006284109,-15.8336527835,0.0445651948,-0.0045106208,-0.0033890675,0.0081031011,0.0041918577,-0.0020197331,0.0188439715,0.0257301297,-15.7678680798,0.3942636323,-0.0053594824,-15.3789639299
baseline,IMZW5_1_WAT3_full,-15.6214035639,-15.8383842969,0.0442881551,-0.0048251863,-0.0033823298,0.0082477447,0.0052036002,-0.0021701807,0.0188274206,0.026726255,-15.772195073,0.397700733,-0.005915763,-15.3804101031
baseline,IMZW5_1_WAT4_full,-15.3924905905,-15.8402076568,0.0459727947,-0.0059723733,-0.0048456926,0.0077881312,0.0043829981,-0.0018200311,0.0183731617,0.0238785672,-15.7763286682,0.3975710769,-0.0054507708,-15.3842083621
baseline,IMZW5_1_WAT5_full,-15.3516037602,-15.8384585453,0.0447746327,-0.004717296,-0.0038195832,0.0081225975,0.0046049091,-0.0020575155,0.0192329531,0.026083361,-15.7723178476,0.398487817,-0.0048534103,-15.3786834408
baseline,IMZW6_1_WAT1_full,-15.3784680539,-15.8404996308,0.0455812038,-0.0057615824,-0.0049911194,0.0078620071,0.0044889556,-0.0017728661,0.0186076204,0.0241945975,-15.7764854119,0.3982685373,-0.0054550462,-15.3836719208
baseline,IMZW6_1_WAT2_full,-15.6481073589,-15.8368454161,0.0445041888,-0.0048525404,-0.0032244111,0.008281697,0.0052127439,-0.0022197973,0.0188510611,0.0269012936,-15.7702924742,0.3961191092,-0.0059412869,-15.3801146519
baseline,IMZW6_1_WAT3_full,-15.4454870994,-15.8360182899,0.0446141064,-0.0045539807,-0.0036743128,0.0080631497,0.0048289029,-0.001930175,0.0191123071,0.0263998719,-15.7695582924,0.3965138496,-0.0049348524,-15.3779792952
baseline,IMZW6_1_WAT4_full,-15.6199672709,-15.8316055039,0.0427263888,-0.0033486765,-0.004259101,0.0081236303,0.0028729311,-0.002114381,0.017961669,0.0225847485,-15.7696430432,0.3938610846,-0.005358998,-15.3811409566
baseline,IMZW6_1_WAT5_full,-15.5933652971,-15.8340027155,0.0449386154,-0.0045025969,-0.0031917754,0.0081887815,0.0043826199,-0.0020138667,0.0191354722,0.0265012314,-15.7670654655,0.3948366152,-0.0051626254,-15.3773914757
baseline,IMZW6_1_WAT6_full,-15.436543622,-15.8359494669,0.0443657176,-0.0047338825,-0.0039364673,0.0080535838,0.0048344808,-0.0016325426,0.0186806419,0.0259996966,-15.7703179352,0.3958997128,-0.0050674647,-15.3794856871
baseline,IMZW7_1_WAT1_full,-15.6005045794,-15.8331539035,0.0429518862,-0.0032905582,-0.0043700319,0.0081036797,0.0030510194,-0.0020969384,0.0180794199,0.0227671487,-15.7707254268,0.3951091813,-0.0053117566,-15.3809280021
baseline,IMZW7_1_WAT2_full,-15.2036115536,-15.8363759837,0.045665566,-0.0048380721,-0.0044442427,0.0079390281,0.0051920812,-0.0019571267,0.0194114479,0.0261411879,-15.7694073018,0.3961706698,-0.0050702204,-15.3783068525
baseline,IMZW7_1_WAT3_full,-15.4646128764,-15.8382726767,0.0467162461,-0.0059911545,-0.0040934013,0.0076816527,0.0044249319,-0.0020758271,0.0176807367,0.0236180929,-15.7739294922,0.3952394548,-0.0053928765,-15.3840829139
baseline,IMZW7_1_WAT4_full,-15.612145784,-15.8336748423,0.0450943684,-0.0044463661,-0.0031764979,0.008146215,0.0043451815,-0.0020175748,0.0192100051,0.0265073289,-15.7665195111,0.3944854391,-0.0051348879,-15.3771689599
baseline,IMZW7_1_WAT5_full,-15.4586284437,-15.8361512283,0.0442575733,-0.0047345582,-0.0040378979,0.0080376416,0.0048097596,-0.0016522538,0.0187255862,0.0258828358,-15.7707453773,0.3958830618,-0.0050635409,-15.3799258564
baseline,IMZW7_1_WAT6_full,-15.6425306066,-15.8371271016,0.0444715562,-0.0048421151,-0.0032128519,0.0082644838,0.0051713785,-0.0022223838,0.0190311421,0.0270317688,-15.7704658919,0.3961732342,-0.0059467851,-15.3802394428
baseline,IMZW7_1_WAT7_full,-15.4495232253,-15.836105921,0.0446765,-0.0045589581,-0.0037718736,0.0080242333,0.0049672372,-0.0018689521,0.0191927219,0.0265433667,-15.7694450124,0.3963606538,-0.0049461364,-15.378030495
baseline,IMZW8_1_WAT1_full,-15.4073423721,-15.8387050057,0.0455630492,-0.0045526661,-0.0037749033,0.0079531604,0.0054517771,-0.0019000611,0.0192490988,0.0269790719,-15.7707155506,0.399626122,-0.0049806922,-15.3760701207
baseline,IMZW8_1_WAT2_full,-15.4010244434,-15.8393714516,0.0453609387,-0.0044967952,-0.0031740039,0.0080973477,0.0055349252,-0.0018704784,0.0195818741,0.0281696648,-15.7703376433,0.4008399321,-0.0046315581,-15.3741292692
baseline,IMZW8_1_WAT3_full,-15.336506779,-15.841451574,0.0451238829,-0.004632086,-0.0040679111,0.0078893914,0.0055044727,-0.0018333843,0.0191728021,0.0266653708,-15.7742944063,0.401587525,-0.0050326927,-15.3777395739
baseline,IMZW8_1_WAT4_full,-15.8017925455,-15.8363988174,0.0455012164,-0.0041312321,-0.0027229957,0.0081415811,0.0052725544,-0.0018185915,0.0197151791,0.0285877275,-15.7664411057,0.3986356237,-0.0052785116,-15.3730839936
baseline,IMZW8_1_WAT5_full,-15.4452100872,-15.8410043785,0.0425947413,-0.0042669124,-0.0049248418,0.0079632239,0.0039434295,-0.0019934374,0.0188277068,0.023816081,-15.7788604687,0.4014025059,-0.0052826735,-15.3827406363
baseline,IMZW8_1_WAT6_full,-15.4929131082,-15.8398322273,0.0452610183,-0.0045409476,-0.0038927231,0.0079849904,0.0050925143,-0.0018493897,0.0191394481,0.02647484,-15.7726373165,0.4002351139,-0.0049752202,-15.3773774228
baseline,IMZW8_1_WAT7_full,-15.1478210405,-15.8411491411,0.0460462988,-0.0046389184,-0.0044439035,0.0078195865,0.0060767285,-0.0016730518,0.0193243916,0.0271037512,-15.7726380094,0.4016980089,-0.0052395384,-15.3761795389
baseline,IMZW8_1_WAT8_full,-15.4046965717,-15.843805885,0.0468511221,-0.0064668576,-0.0042344194,0.0076615875,0.0039110763,-0.0022915611,0.0181308808,0.0231775642,-15.7802440564,0.400511262,-0.0053494647,-15.385082259
baseline,IMZW9_1_WAT1_full,-15.5677992248,-15.8351690837,0.0455109491,-0.0044780929,-0.003462126,0.0080024414,0.0053554742,-0.001799874,0.0192988604,0.0273947761,-15.7667414514,0.3962726607,-0.0046806041,-15.3751493948
baseline,IMZW9_1_WAT2_full,-15.3771260921,-15.8387083628,0.0446804677,-0.00473602,-0.0041418437,0.0079444597,0.0052951862,-0.0019773061,0.0192497782,0.0263702743,-15.7723936409,0.3984592713,-0.0050051961,-15.3789395657
baseline,IMZW9_1_WAT3_full,-15.6182389155,-15.8368035418,0.0449490591,-0.0043455605,-0.0023559487,0.008239115,0.0045201311,-0.0019407415,0.0194350091,0.027897565,-15.7683024782,0.3985547556,-0.0055945721,-15.3753422948
baseline,IMZW9_1_WAT4_full,-15.6523939678,-15.8355274681,0.0429639578,-0.0033789011,-0.0042686489,0.0080687226,0.0032193684,-0.0020212,0.0181130399,0.0231112821,-15.7728311294,0.3975502959,-0.0053769927,-15.3806578263
baseline,IMZW9_1_WAT5_full,-15.4039177105,-15.8402877443,0.0470027324,-0.0064898928,-0.004194765,0.0076612662,0.0039703434,-0.0022870588,0.0180549914,0.0232047772,-15.7765701275,0.3970434003,-0.0053541405,-15.3848808677
baseline,IMZW9_1_WAT6_full,-15.5503854592,-15.8356720277,0.0450564636,-0.0048112081,-0.0041308656,0.0080358765,0.0051889843,-0.0018285117,0.0190683728,0.0263338562,-15.769092916,0.3956609786,-0.005047465,-15.3784794024
baseline,IMZW9_1_WAT7_full,-15.4251382514,-15.8363033347,0.0453130986,-0.0045935158,-0.0040836683,0.0080182068,0.0046586288,-0.0018580037,0.0189713846,0.0257065482,-15.7698772037,0.3965735731,-0.0049361576,-15.3782397882
baseline,IMZW9_1_WAT8_full,-15.3776126424,-15.8375839619,0.0453174879,-0.0047147682,-0.0036974182,0.0080536904,0.0053226125,-0.001916671,0.0194329853,0.0271951989,-15.7697860433,0.3981120808,-0.0044302932,-15.3761042556
baseline,IMZW9_1_WAT9_full,-15.2909270015,-15.83742321,0.0451379395,-0.0046616308,-0.0040316456,0.0079009226,0.0057047701,-0.0018351396,0.0192287443,0.0269676517,-15.7699792496,0.397591371,-0.0049462448,-15.3773341233
baseline,IMZW10_1_WAT1_full,-15.5605539478,-15.8318219514,0.04514865,-0.0046594354,-0.003924639,0.008080214,0.0049911356,-0.001823417,0.0190048975,0.0263281911,-15.7650045457,0.3924501729,-0.0050917626,-15.3776461354
baseline,IMZW10_1_WAT2_full,-15.3610372197,-15.8369416843,0.0450609741,-0.0045793235,-0.0037140772,0.008072917,0.0050668353,-0.0019930681,0.0193254307,0.0267580377,-15.7697019961,0.397386775,-0.0047429138,-15.3770581349
baseline,IMZW10_1_WAT3_full,-15.2774149651,-15.8345351412,0.0457231824,-0.0046287509,-0.0038994159,0.0080180103,0.0049739605,-0.0020140698,0.0192242316,0.0263027167,-15.767137993,0.3955248007,-0.0047045401,-15.3763177323
baseline,IMZW10_1_WAT4_full,-15.4009120846,-15.8382166935,0.0475525906,-0.006493933,-0.0042128424,0.0076106735,0.0041160776,-0.0020558119,0.0176738274,0.0231319242,-15.7740261118,0.3947453198,-0.0053456407,-15.3846264328
baseline,IMZW10_1_WAT5_full,-15.4983656714,-15.8346741215,0.0425830861,-0.0033874259,-0.0048866837,0.0080637896,0.0032816326,-0.0021519956,0.0180866498,0.0223933928,-15.7730850685,0.3965461504,-0.005269409,-15.381808327
baseline,IMZW10_1_WAT6_full,-15.5404855618,-15.8366785297,0.0448468956,-0.0049502617,-0.0037147091,0.0081488618,0.0057701191,-0.0019264624,0.0187355877,0.027013397,-15.7697684987,0.3957085853,-0.0058000041,-15.3798599175
baseline,IMZW10_1_WAT7_full,-15.4157044436,-15.8372164145,0.0453687827,-0.0045889992,-0.0035489756,0.0080540559,0.0051983793,-0.0018786873,0.0192315088,0.027056281,-15.7693803501,0.39803935,-0.0042321924,-15.3755731926
baseline,IMZW10_1_WAT8_full,-15.3670332698,-15.8370530145,0.0455428773,-0.004622458,-0.0035479579,0.0080302781,0.0055265089,-0.0018062928,0.019431379,0.0276339154,-15.7684986797,0.3980320757,-0.0042542862,-15.3747208902
baseline,IMZW10_1_WAT9_full,-15.4083341116,-15.8330032596,0.0448146293,-0.004623938,-0.0034454603,0.0081267542,0.0045894267,-0.0016001984,0.01879868,0.0264692022,-15.766343366,0.3936049532,-0.005236833,-15.3779752459
baseline,IMZW10_1_WAT10_full,-15.6504539748,-15.8337800434,0.0450400826,-0.0043809588,-0.0034288997,0.0080111173,0.0044569853,-0.0018635293,0.01898531,0.0261609837,-15.7669599359,0.3947265519,-0.0050956034,-15.3773289874
baseline,IMZW64_WAT9_full,-15.4392048193,-15.8318111819,0.0453180615,-0.0054620644,-0.0040155683,0.008047705,0.0043123542,-0.0022162266,0.0183720679,0.0245003322,-15.7674548527,0.3895920421,-0.0053877632,-15.3832505737
baseline,IMZW64_WAT11_full,-15.6330371355,-15.8276474634,0.0455987252,-0.0044355392,-0.0029491277,0.0081868366,0.0045748356,-0.0019234663,0.0193724022,0.0272614804,-15.7592227971,0.389492073,-0.0048659182,-15.3745966423
baseline,IMZW64_WAT21_full,-15.2865276586,-15.8240549092,0.0458289197,-0.0047310596,-0.0039086379,0.0080561368,0.0050949656,-0.0019521598,0.0193340347,0.0266243395,-15.7563327095,0.3851819892,-0.0046295429,-15.3757802632
baseline,IMZW64_WAT22_full,-15.3516674312,-15.8260649849,0.0455215545,-0.0044295878,-0.0039410842,0.0079222407,0.0066726135,-0.0017001798,0.0191544819,0.0281080722,-15.7568649459,0.3877551254,-0.0050996392,-15.3742094597
baseline,IMZW64_WAT29_full,-15.7105484004,-15.8265102094,0.0448766222,-0.0046888173,-0.0022822674,0.0084056358,0.0047960181,-0.002102599,0.0191937057,0.0280104932,-15.7583119113,0.3879634564,-0.0060368991,-15.376385354
baseline,IMZW64_WAT44_full,-15.3583145346,-15.8254802023,0.0420118404,-0.0030747975,-0.0061435557,0.0081063464,0.0035913731,-0.0021761959,0.0176940863,0.0210720542,-15.7654711052,0.3897577577,-0.0052737881,-15.3809871357
baseline,IMZW64_WAT49_full,-15.4578536461,-15.8244970672,0.0457725531,-0.0042739586,-0.0033450696,0.0080968078,0.0050369367,-0.0018377468,0.0192234998,0.027174428,-15.7558240447,0.3864126799,-0.0049483159,-15.3743596807
baseline,IMZW64_WAT50_full,-15.5104720445,-15.8295344198,0.045773072,-0.0054507712,-0.0037264674,0.0079251626,0.005125583,-0.0020465354,0.0183577365,0.0256354794,-15.7635766396,0.3878593111,-0.0054169015,-15.38113423
baseline,IMZW64_WAT51_full,-15.1710131118,-15.8244969569,0.045745286,-0.0044593742,-0.0030500956,0.0081755297,0.0049992131,-0.0018718491,0.0193654736,0.0276182717,-15.7555927733,0.3865103046,-0.0046342182,-15.3737166869
baseline,IMZW64_WAT56_full,-15.3568588647,-15.8257207559,0.0451459461,-0.0046256535,-0.0038519823,0.0080729129,0.0045760183,-0.0019207322,0.0189223269,0.0257985436,-15.7594019197,0.3867286556,-0.0046674323,-15.3773406964
slope,ImH_monomer,-11.6048127491,-11.7514146085,0.01986511,-0.0007343087,-0.0009324914,0.0071789688,0.0010542314,-0.0005762879,0.0108962196,0.0176206406,-11.7146631667,0.3376637658,-0.0039147916,-11.3809141925
slope,Wat_monomer,-3.749756458,-4.1009482713,0.0218968892,-0.0034940157,0.0020571039,0.0002395635,0.004237429,0.0,0.0086716651,0.0152057615,-4.0673396362,0.0780989091,-0.0002210639,-3.9894617911
slope,IMZW1_1_WAT1_full,-15.3354619051,-15.8463893918,0.0445195453,-0.0058615306,0.0002239876,0.006713437,0.0043706955,-0.0010925082,0.0175498723,0.0277654841,-15.779965893,0.4031791214,-0.005307627,-15.3820943986
slope,IMZW2_1_WAT1_full,-15.5411052692,-15.8428868796,0.0418785417,-0.0045209642,0.0011159618,0.0075621877,0.0051003438,-0.0007581775,0.0188723561,0.0318926719,-15.7736366303,0.4030973652,-0.0058519751,-15.3763912402
slope,IMZW2_1_WAT2_full,-15.3426889465,-15.8451965768,0.0435646809,-0.0055699964,-0.0003132341,0.0069477351,0.0045849154,-0.0008849638,0.018293507,0.0286279596,-15.7785739327,0.4026495596,-0.005441746,-15.3813661191
slope,IMZW3_1_WAT1_full,-15.3236160473,-15.8446323957,0.0445414306,-0.0058657025,-6.41103e-05,0.0067137904,0.0043422929,-0.0009731652,0.0177042539,0.0277230616,-15.778233606,0.4019111851,-0.0053769837,-15.3816994047
slope,IMZW3_1_WAT2_full,-15.1416985968,-15.8411035115,0.0430224715,-0.0043926957,0.0005432028,0.0073841846,0.0045925588,-0.0007710264,0.019405463,0.0311543827,-15.771319353,0.4028927668,-0.0049026716,-15.3733292578
slope,IMZW3_1_WAT3_full,-15.4740544683,-15.8433653554,0.0420858648,-0.0046148275,0.0007639849,0.0074529016,0.0056957116,-0.0006269402,0.0189556761,0.0322413339,-15.7736529842,0.4036116023,-0.0057398535,-15.3757812353
slope,IMZW4_1_WAT1_full,-15.5918802512,-15.8360692424,0.042126658,-0.004134404,0.0021011785,0.0077278376,0.0043410591,-0.0009376056,0.01943595,0.0326684197,-15.7654085687,0.398653559,-0.0058722317,-15.3726272414
slope,IMZW4_1_WAT2_full,-15.3318210457,-15.8379547143,0.0419013041,-0.0042798523,0.0010521538,0.0075670611,0.0042806988,-0.0004357822,0.0188469433,0.0313110748,-15.7690221878,0.3999143474,-0.0051433094,-15.3742511498
slope,IMZW4_1_WAT3_full,-15.368321194,-15.8379941303,0.0393482795,-0.0039704525,-0.000230005,0.0076330755,0.0041501914,-0.0006160255,0.0184986337,0.0294358701,-15.7731804332,0.3997213796,-0.0052184128,-15.3786774664
slope,IMZW4_1_WAT4_full,-15.3471088469,-15.8371715757,0.0425298643,-0.0040011469,0.0009950803,0.007496727,0.0063051682,-0.0004532154,0.0194619042,0.0338056643,-15.764837194,0.4002141064,-0.0050957308,-15.3697188184
slope,IMZW5_1_WAT1_full,-15.4488406825,-15.8338649794,0.0397920863,-0.0033536306,0.0002242279,0.007718523,0.002677218,-0.0007970728,0.0183129012,0.0281357973,-15.7692907265,0.3969650452,-0.0053067239,-15.3776324051
slope,IMZW5_1_WAT2_full,-15.5291463789,-15.8322320808,0.0420075388,-0.0042002928,0.0011186358,0.0076140309,0.0040656243,-0.000750566,0.0188577,0.030905425,-15.7635194098,0.3942636323,-0.0053594824,-15.3746152599
slope,IMZW5_1_WAT3_full,-15.5445253391,-15.8370150089,0.0418092277,-0.0045130297,0.0011261603,0.0076669613,0.0050500389,-0.0008336295,0.0188341268,0.0318436577,-15.7678751532,0.397700733,-0.005915763,-15.3760901833
slope,IMZW5_1_WAT4_full,-15.3044298409,-15.8391051167,0.04369663,-0.0056740068,-0.0006762282,0.0070206813,0.0043761254,-0.0007027236,0.0183400819,0.0283579369,-15.7727245566,0.3975710769,-0.0054507708,-15.3806042506
slope,IMZW5_1_WAT5_full,-15.2799722412,-15.8371264723,0.0422977386,-0.0044041594,0.0005998199,0.0075373667,0.0044942036,-0.0007730834,0.019229354,0.0310876608,-15.7681452324,0.398487817,-0.0048534103,-15.3745108256
slope,IMZW6_1_WAT1_full,-15.293876356,-15.839358834,0.0432457013,-0.0054455542,-0.0007937359,0.007148747,0.0044773434,-0.0006359836,0.018579516,0.028775887,-15.7727827999,0.3982685373,-0.0054550462,-15.3799693087
slope,IMZW6_1_WAT2_full,-15.5719368008,-15.8354756592,0.0420470516,-0.0045472615,0.0012717741,0.0076938763,0.0050526727,-0.0008346123,0.0188522785,0.0320359892,-15.7659398799,0.3961191092,-0.0059412869,-15.3757620576
slope,IMZW6_1_WAT3_full,-15.3766196199,-15.8345886319,0.0420655469,-0.0042497308,0.0008108667,0.0075633269,0.0046796438,-0.0005990814,0.0191225109,0.0315772669,-15.765195549,0.3965138496,-0.0049348524,-15.3736165518
slope,IMZW6_1_WAT4_full,-15.548365923,-15.8300408121,0.039939821,-0.0030127576,0.0004131844,0.0077626674,0.0027235006,-0.0007591469,0.0179970692,0.0281372747,-15.764976474,0.3938610846,-0.005358998,-15.3764743873
slope,IMZW6_1_WAT5_full,-15.5212215152,-15.8326696942,0.0424604553,-0.0042025518,0.0012656938,0.0076270807,0.0042934922,-0.0007979854,0.019131645,0.0315199262,-15.7628918644,0.3948366152,-0.0051626254,-15.3732178746
slope,IMZW6_1_WAT6_full,-15.362979994,-15.8345039564,0.0417321506,-0.0044085285,0.0006512381,0.0075738149,0.0047409191,-0.0004349019,0.0186993933,0.0312304634,-15.7659498708,0.3958997128,-0.0050674647,-15.3751176227
slope,IMZW7_1_WAT1_full,-15.5268393254,-15.8315979994,0.0401608999,-0.0029501893,0.000324614,0.0076990607,0.0029047995,-0.0007308505,0.0181145068,0.0283121305,-15.7660751582,0.3951091813,-0.0053117566,-15.3762777335
slope,IMZW7_1_WAT2_full,-15.1297629323,-15.8349864317,0.0430454474,-0.0045033934,2.25114e-05,0.0073950149,0.0051157676,-0.0007277624,0.0194103736,0.0312159052,-15.7652284725,0.3961706698,-0.0050702204,-15.3741280232
slope,IMZW7_1_WAT3_full,-15.3698378445,-15.837193446,0.0445077527,-0.0057241232,0.0001133192,0.0068168155,0.0044086952,-0.001059392,0.017647418,0.0279268559,-15.7704829607,0.3952394548,-0.0053928765,-15.3806363823
slope,IMZW7_1_WAT4_full,-15.5391873832,-15.8323094954,0.0425800262,-0.0041453953,0.0013119718,0.0075743118,0.004244237,-0.0007695067,0.0192086351,0.031569649,-15.7623052155,0.3944854391,-0.0051348879,-15.3729546643
slope,IMZW7_1_WAT5_full,-15.3838464076,-15.8347010188,0.041603516,-0.004406557,0.0005955924,0.0075332147,0.0047198359,-0.0004651214,0.0187470857,0.0311306073,-15.7663734524,0.3958830618,-0.0050635409,-15.3755539316
slope,IMZW7_1_WAT6_full,-15.5642292774,-15.8357542654,0.0420137508,-0.004537352,0.0012895651,0.0076446379,0.0050074666,-0.0008172172,0.0190303632,0.0321548156,-15.7661230511,0.3961732342,-0.0059467851,-15.375896602
slope,IMZW7_1_WAT7_full,-15.3787514531,-15.8346547481,0.0420693262,-0.0042465865,0.0007752118,0.0075129893,0.0048351423,-0.0005657,0.0192050177,0.0317626611,-15.7650693473,0.3963606538,-0.0049461364,-15.3736548298
slope,IMZW8_1_WAT1_full,-15.3330686499,-15.8372389271,0.0428769435,-0.0042320905,0.0007963754,0.0074348105,0.005353324,-0.0006696627,0.0192583234,0.0321731705,-15.7664209036,0.399626122,-0.0049806922,-15.3717754737
slope,IMZW8_1_WAT2_full,-15.3291704797,-15.8379280576,0.0427412607,-0.0041940293,0.0013980582,0.0075206924,0.0053976761,-0.0005357304,0.0195835838,0.03336428,-15.7660165462,0.4008399321,-0.0046315581,-15.3698081722
slope,IMZW8_1_WAT3_full,-15.2671070732,-15.8399378697,0.0424405097,-0.0043076903,0.0005310932,0.0074053363,0.0053646894,-0.0005063027,0.0191895492,0.0319843653,-15.769820685,0.401587525,-0.0050326927,-15.3732658527
slope,IMZW8_1_WAT4_full,-15.7247567148,-15.8350052823,0.0429086786,-0.0038426774,0.0018295547,0.0075490311,0.0051901084,-0.0005561286,0.0197045187,0.0337170843,-15.7622221968,0.3986356237,-0.0052785116,-15.3688650847
slope,IMZW8_1_WAT5_full,-15.3744086339,-15.8394135924,0.0397745658,-0.0039235126,-0.0001612727,0.0075609866,0.0038049406,-0.0006800211,0.018864209,0.0293888425,-15.7741736966,0.4014025059,-0.0052826735,-15.3780538643
slope,IMZW8_1_WAT6_full,-15.4210484815,-15.8384171904,0.0426432949,-0.004229287,0.0006604933,0.0074340599,0.0050142049,-0.000643351,0.0191423636,0.0316077707,-15.7683954118,0.4002351139,-0.0049752202,-15.3731355181
slope,IMZW8_1_WAT7_full,-15.0741951787,-15.8396052704,0.0432312797,-0.0042894062,0.0003170156,0.0073405857,0.0059708513,-0.00040757,0.0193446866,0.0325655692,-15.7680978277,0.4016980089,-0.0052395384,-15.3716393572
slope,IMZW8_1_WAT8_full,-15.3065878588,-15.8427833192,0.0447343742,-0.0062134145,-0.0001309129,0.0066876294,0.0038818991,-0.0011530815,0.0180828073,0.0273683415,-15.776894018,0.400511262,-0.0053494647,-15.3817322207
slope,IMZW9_1_WAT1_full,-15.4977091177,-15.8336904555,0.0428214066,-0.0041633878,0.0011413082,0.0074943957,0.0052577911,-0.0005472006,0.0193081734,0.0326544678,-15.762377969,0.3962726607,-0.0046806041,-15.3707859124
slope,IMZW9_1_WAT2_full,-15.3081235168,-15.8372253989,0.0420647012,-0.0044164673,0.0003972009,0.0074411394,0.0051347808,-0.000626326,0.0192668844,0.0316136794,-15.7679634856,0.3984592713,-0.0050051961,-15.3745094104
slope,IMZW9_1_WAT3_full,-15.537612399,-15.8354230378,0.0423995638,-0.0040583869,0.0021290608,0.0076437776,0.0044234527,-0.0006673499,0.0194263876,0.0329553289,-15.764126532,0.3985547556,-0.0055945721,-15.3711663485
slope,IMZW9_1_WAT4_full,-15.579723666,-15.8339366771,0.0401194309,-0.0030431112,0.0004679047,0.0076639961,0.0030780898,-0.0006665142,0.0181491983,0.0286926746,-15.7681676828,0.3975502959,-0.0053769927,-15.3759943797
slope,IMZW9_1_WAT5_full,-15.305751525,-15.8392759483,0.0449007754,-0.0062395656,-0.0001068402,0.0066837644,0.0039428013,-0.0011545027,0.0180063403,0.0273715631,-15.7732431753,0.3970434003,-0.0053541405,-15.3815539156
slope,IMZW9_1_WAT6_full,-15.4723667548,-15.8343270349,0.0425313624,-0.0044916865,0.0003405522,0.0074225216,0.0050839536,-0.0005759048,0.0190642337,0.0313353564,-15.7649520028,0.3956609786,-0.005047465,-15.3743384891
slope,IMZW9_1_WAT7_full,-15.3525106103,-15.8349333239,0.0427345215,-0.0042734484,0.0004421119,0.007433489,0.0045913439,-0.0006703945,0.0189700344,0.0307665848,-15.765705666,0.3965735731,-0.0049361576,-15.3740682505
slope,IMZW9_1_WAT8_full,-15.3054106279,-15.8361587385,0.0427090633,-0.0043948843,0.0008571613,0.0074825411,0.0051964793,-0.0006132887,0.019438236,0.0323611289,-15.7654834305,0.3981120808,-0.0044302932,-15.3718016429
slope,IMZW9_1_WAT9_full,-15.2198823821,-15.8358767641,0.0424017635,-0.0043266463,0.0006096785,0.0074353077,0.0055526312,-0.0005120681,0.0192528569,0.0323384061,-15.7654632408,0.397591371,-0.0049462448,-15.3728181146
slope,IMZW10_1_WAT1_full,-15.4862372611,-15.8304779204,0.0426257184,-0.0043508319,0.0005557535,0.0074815614,0.0048996662,-0.0005998913,0.0190008423,0.0313379321,-15.7608651018,0.3924501729,-0.0050917626,-15.3735066914
slope,IMZW10_1_WAT2_full,-15.2911732217,-15.8355373769,0.0425181309,-0.0042714226,0.0007784929,0.0074961389,0.0049222725,-0.0006580527,0.0193298282,0.0318686798,-15.7654219889,0.397386775,-0.0047429138,-15.3727781277
slope,IMZW10_1_WAT3_full,-15.2008461748,-15.8331286179,0.0430880804,-0.004298552,0.000591474,0.0074611289,0.0048776595,-0.0007781815,0.0192271304,0.0313792113,-15.7629598781,0.3955248007,-0.0047045401,-15.3721396174
slope,IMZW10_1_WAT4_full,-15.3017228267,-15.8372043579,0.0454113672,-0.0062384843,-6.51869e-05,0.0066557415,0.0041227587,-0.0010311274,0.0176274786,0.0273096645,-15.7707218105,0.3947453198,-0.0053456407,-15.3813221314
slope,IMZW10_1_WAT5_full,-15.4272765469,-15.8330436086,0.0397088588,-0.0030351928,-0.0001410695,0.0077068992,0.00311057,-0.0007644544,0.0181290194,0.0280409648,-15.7683289778,0.3965461504,-0.005269409,-15.3770522363
slope,IMZW10_1_WAT6_full,-15.462902939,-15.8352651322,0.0423134516,-0.0046324398,0.0008458939,0.0075475652,0.0056022661,-0.0005704616,0.018745545,0.0321708086,-15.7654133118,0.3957085853,-0.0058000041,-15.3755047306
slope,IMZW10_1_WAT7_full,-15.3434815383,-15.8357720476,0.0427279414,-0.0042653701,0.0010046889,0.0075144093,0.0050819569,-0.0005965372,0.0192385325,0.0322430503,-15.765066426,0.39803935,-0.0042321924,-15.3712592684
slope,IMZW10_1_WAT8_full,-15.2945229034,-15.835595823,0.0428750733,-0.0043015144,0.0010214082,0.0075033617,0.0054181538,-0.0005304677,0.0194376756,0.0328501316,-15.7641721324,0.3980320757,-0.0042542862,-15.3703943429
slope,IMZW10_1_WAT9_full,-15.3316315296,-15.8316464247,0.0423055824,-0.004316315,0.0009990518,0.0075249894,0.004491275,-0.0003543369,0.018796403,0.0314573822,-15.7621997751,0.3936049532,-0.005236833,-15.3738316549
slope,IMZW10_1_WAT10_full,-15.5809263759,-15.8322868948,0.0423624301,-0.0040753754,0.001137082,0.0075436467,0.0043520514,-0.0006012898,0.0189993246,0.0314308148,-15.7625690252,0.3947265519,-0.0050956034,-15.3729380767
slope,IMZW64_WAT9_full,-15.3506822193,-15.8306550118,0.0429845277,-0.0051514255,0.0001888441,0.0072839895,0.0042719935,-0.0011665594,0.0183459332,0.0289242009,-15.7638977087,0.3895920421,-0.0053877632,-15.3796934297
slope,IMZW64_WAT11_full,-15.5578729024,-15.8262927629,0.0430608497,-0.004134305,0.0014440014,0.0076038017,0.004491823,-0.0006584985,0.0193605449,0.0322416725,-15.7551245457,0.389492073,-0.0048659182,-15.3704983909
slope,IMZW64_WAT21_full,-15.2085498471,-15.8226656427,0.043246276,-0.0044089364,0.0005093695,0.0074961723,0.0049919936,-0.0006889395,0.0193327542,0.0316413501,-15.752186953,0.3851819892,-0.0046295429,-15.3716345066
slope,IMZW64_WAT22_full,-15.2824245321,-15.824518518,0.0427799613,-0.0041095885,0.0006161676,0.0074895193,0.0065301401,-0.0004035439,0.0191728815,0.0334051647,-15.7524429804,0.3877551254,-0.0050996392,-15.3697874943
slope,IMZW64_WAT29_full,-15.6263280362,-15.825205437,0.042493647,-0.0044191177,0.002035001,0.0077399254,0.0046671061,-0.0007044082,0.0191690852,0.0329067095,-15.7542241982,0.3879634564,-0.0060368991,-15.3722976409
slope,IMZW64_WAT44_full,-15.2905832076,-15.823793025,0.0390430261,-0.0026972458,-0.0013679931,0.0078523182,0.0034221392,-0.0008404517,0.0177462708,0.0268122834,-15.7606349614,0.3897577577,-0.0052737881,-15.3761509919
slope,IMZW64_WAT49_full,-15.3888310331,-15.823079477,0.0431559981,-0.0039782888,0.0011604048,0.0075635161,0.0049708089,-0.0006465336,0.0192205881,0.0322687844,-15.7516329834,0.3864126799,-0.0049483159,-15.3701686193
slope,IMZW64_WAT50_full,-15.4216956085,-15.8283230774,0.0433989394,-0.0051545463,0.000583068,0.0072032338,0.0050769563,-0.0009550751,0.0183456483,0.0302538312,-15.7598248531,0.3878593111,-0.0054169015,-15.3773824435
slope,IMZW64_WAT51_full,-15.0995269996,-15.8230752226,0.0431384539,-0.0041585653,0.001418526,0.0076146893,0.0048940408,-0.0006003443,0.01936084,0.0326877518,-15.7514075822,0.3865103046,-0.0046342182,-15.3695314958
slope,IMZW64_WAT56_full,-15.2858601681,-15.8242869785,0.0425434219,-0.0043022372,0.0006327485,0.0075492959,0.0044516475,-0.0006375745,0.0189319465,0.0309280639,-15.7551177299,0.3867286556,-0.0046674323,-15.3730565066
